Dataset Name,AFINN,TextBlob,Pattern,SenticNet,VADER,General Inquirer,MPQA,OpinionFinder,WordNet-Affect
SST5,0.08554613478556228,0.1198350325195876,0.1198350325195876,0.12778151975185303,0.03683661152401674,0.0,0.14100924350319544,0.10329816150992721,0.06284555812646686
SST2,0.060815363618637264,0.1300403027119652,0.1300403027119652,0.12689199069780466,0.14955844381933248,0.0,0.13411945317410245,0.09273762594676238,0.04733819400387118
SST2_p,0.10722239532712774,0.1559599460436093,0.1559599460436093,0.1986578914406929,0.20324109470005125,0.0,0.22157283751511858,0.14883727033088034,0.08184586888124434
