Dataset Name,AFINN,TextBlob,Pattern,SenticNet,VADER,General Inquirer,MPQA,OpinionFinder,WordNet-Affect
SST5,0.0854026912354261,0.11542668308338078,0.11542668308338078,0.10825344264961612,-0.006812462982294987,-0.002024626182559164,0.140999616010835,0.10219874316051125,0.062069221422589416
SST2,0.06060766770198789,0.12872249754808385,0.12872249754808385,0.11899243115613223,0.1311762649935213,-0.0013997056424146503,0.13407316376807243,0.09202484634659969,0.04671638393172883
SST2_p,0.09967076872141811,0.1537581252932907,0.1537581252932907,0.19830758370005164,0.2031926409347018,-0.013445287712115839,0.21712943828797948,0.1403974019822788,0.0724579984324707
