Dataset Name,AFINN,TextBlob,Pattern,SenticNet,VADER,General Inquirer,MPQA,OpinionFinder,WordNet-Affect
SST5,"(0.6933058756637559,)","(0.6983818904119712,)","(0.6983818904119712,)","(0.6971614089588869,)","(0.6782157467892862,)","(0.6789817715117744,)","(0.7027737410542925,)","(0.6961350552421228,)","(0.6894182804729942,)"
SST2,"(0.5157275308743043,)","(0.5336150530367754,)","(0.5336150530367754,)","(0.5310180863788703,)","(0.5342722529949451,)","(0.5,)","(0.5350493338844899,)","(0.5238944360479882,)","(0.5121600762924878,)"
SST2_p,"(0.5287292062574039,)","(0.543104262529597,)","(0.543104262529597,)","(0.5552932328669495,)","(0.5566501981174621,)","(0.5,)","(0.5605445733057708,)","(0.5395115833519862,)","(0.521660062025449,)"
