Dataset Name,AFINN,TextBlob,Pattern,SenticNet,VADER,General Inquirer,MPQA,OpinionFinder,WordNet-Affect
SST5,0.09406128590237557,0.0909734840314562,0.0909734840314562,0.09171121222376658,0.10354510561437676,0.10305270302171861,0.0883434490068608,0.09233390465270774,0.09646100450435172
SST2,0.23451982435309793,0.21751491875388984,0.21751491875388984,0.21994403530373685,0.2169023343304045,0.25,0.2161791219212565,0.22667650802606315,0.2379877911629512
SST2_p,0.2220961610347765,0.20875371491862343,0.20875371491862343,0.19776410873392924,0.19655904682928557,0.25,0.1931210720510071,0.2120495818669947,0.2288090962614973
