Dataset Name,AFINN,TextBlob,Pattern,SenticNet,VADER,General Inquirer,MPQA,OpinionFinder,WordNet-Affect
SST5,0.5256209218553111,0.4974938026949727,0.4974938026949727,0.5077623008152202,0.5095902502360717,0.5451487252124646,0.49974010755209636,0.5167804315914705,0.5336981469929659
SST2,0.963944876905064,0.8850031074779025,0.8850031074779025,0.8978057642713072,0.8102655383889609,1.0,0.8963354339998536,0.9335699810418354,0.9698367362102828
SST2_p,0.9316467104176834,0.8650101678411867,0.8650101678411867,0.8051531786768794,0.8091527143347307,1.0,0.7957123870887566,0.8758017959830315,0.9417687390992455
