Dataset Name,AFINN,TextBlob,Pattern,SenticNet,VADER,General Inquirer,MPQA,OpinionFinder,WordNet-Affect
SST5,0.3066941243362441,0.30161810958802887,0.30161810958802887,0.30283859104111316,0.32178425321071374,0.3210182284882256,0.29722625894570753,0.3038649447578772,0.3105817195270058
SST2,0.4842724691256957,0.46638494696322463,0.46638494696322463,0.4689819136211298,0.465727747005055,0.5,0.46495066611551006,0.47610556395201176,0.4878399237075121
SST2_p,0.47127079374259606,0.456895737470403,0.456895737470403,0.4447067671330505,0.44334980188253786,0.5,0.43945542669422927,0.46048841664801377,0.47833993797455104
