Dataset Name,AFINN,TextBlob,Pattern,SenticNet,VADER,General Inquirer,MPQA,OpinionFinder,WordNet-Affect
SST5,0.3762451436095023,0.3638939361258248,0.3638939361258248,0.3668448488950663,0.414180422457507,0.41221081208687443,0.3533737960274432,0.369335618610831,0.38584401801740686
SST2,0.9380792974123917,0.8700596750155594,0.8700596750155594,0.8797761412149474,0.867609337321618,1.0,0.864716487685026,0.9067060321042526,0.9519511646518048
SST2_p,0.888384644139106,0.8350148596744937,0.8350148596744937,0.791056434935717,0.7862361873171423,1.0,0.7724842882040284,0.8481983274679789,0.9152363850459893
