Dataset Name,AFINN,TextBlob,Pattern,SenticNet,VADER,General Inquirer,MPQA,OpinionFinder,WordNet-Affect
SST5,0.6133882486724882,0.6032362191760577,0.6032362191760577,0.6056771820822263,0.6435685064214275,0.6420364569764512,0.5944525178914151,0.6077298895157544,0.6211634390540116
SST2,0.9685449382513914,0.9327698939264493,0.9327698939264493,0.9379638272422596,0.93145549401011,1.0,0.9299013322310201,0.9522111279040235,0.9756798474150242
SST2_p,0.9425415874851921,0.913791474940806,0.913791474940806,0.889413534266101,0.8866996037650757,1.0,0.8789108533884585,0.9209768332960275,0.9566798759491021
