Dataset Name,AFINN,TextBlob,Pattern,SenticNet,VADER,General Inquirer,MPQA,OpinionFinder,WordNet-Affect
SST5,0.26281046092765553,0.24874690134748634,0.24874690134748634,0.2538811504076101,0.25479512511803587,0.2725743626062323,0.24987005377604818,0.25839021579573523,0.26684907349648296
SST2,0.481972438452532,0.4425015537389512,0.4425015537389512,0.4489028821356536,0.40513276919448044,0.5,0.4481677169999268,0.4667849905209177,0.4849183681051414
SST2_p,0.4658233552088417,0.43250508392059334,0.43250508392059334,0.4025765893384397,0.40457635716736534,0.5,0.3978561935443783,0.43790089799151577,0.47088436954962276
